{".activityIndicator":{"touchEnabled":true,"width":42,"height":42,"color":"#ADADAD","visible":true,"backgroundColor":"#FFFFFF","alpha":1,"borderColor":"rgba(0,0,0,1)","borderWidth":0,"flexProps":{"positionType":"RELATIVE","alignSelf":"AUTO"},"ios":{"activityIndicatorViewStyle":"NORMAL"},"minHeight":21,"minWidth":21,"&-small":{"width":100},"&-medium":{"width":250},"&-large":{"width":350}},".button":{"width":250,"height":50,"touchEnabled":true,"visible":true,"alpha":1,"borderColor":"rgba(0,0,0,1)","borderWidth":0,"textColor":"#FFFFFF","textAlignment":"MIDCENTER","backgroundColor":{"normal":"#00a1f1","pressed":"rgba( 0, 129, 194, 1 )","disabled":"rgb(210, 210, 210)"},"borderRadius":8,"font":{"size":16,"bold":true,"italic":false,"family":"SFProText","style":"Semibold"},"flexProps":{"positionType":"RELATIVE","alignSelf":"AUTO"},"&-small":{"width":100},"&-medium":{"width":250},"&-large":{"width":350},"&-warning":{"backgroundColor":"#9F6000"},"&-error":{"backgroundColor":"#D8000C"},"&-success":{"backgroundColor":"#4F8A10"}},".flexLayout":{"height":200,"width":200,"touchEnabled":true,"visible":true,"backgroundColor":"#FFFFFF","alpha":1,"borderColor":"rgba(0,0,0,1)","borderWidth":0,"flexProps":{"alignSelf":"AUTO","direction":"INHERIT","alignContent":"STRETCH","alignItems":"STRETCH","justifyContent":"FLEX_START","flexWrap":"NOWRAP","flexDirection":"COLUMN","positionType":"RELATIVE"},"&-small":{"width":100},"&-medium":{"width":250},"&-large":{"width":350}},".gridView":{"height":200,"width":200,"touchEnabled":true,"multiline":false,"visible":true,"backgroundColor":"#FFFFFF","alpha":1,"borderColor":"rgba(0,0,0,1)","borderWidth":0,"flexProps":{"alignSelf":"AUTO","positionType":"RELATIVE"},"&-small":{"width":100},"&-medium":{"width":250},"&-large":{"width":350}},".gridViewItem":{"height":200,"width":200,"touchEnabled":true,"visible":true,"backgroundColor":"#FFFFFF","alpha":1,"borderColor":"rgba(0,0,0,1)","borderWidth":0,"flexProps":{"alignSelf":"AUTO","direction":"INHERIT","alignContent":"STRETCH","alignItems":"STRETCH","justifyContent":"FLEX_START","flexWrap":"NOWRAP","flexDirection":"COLUMN","positionType":"RELATIVE"},"&-small":{"width":100},"&-medium":{"width":250},"&-large":{"width":350}},".headerBar":{"visible":true,"backgroundColor":"rgba( 0, 161, 241, 1 )","titleColor":"rgba( 255, 255, 255, 1 )"},".imageView":{"width":200,"height":200,"touchEnabled":true,"visible":true,"imageFillType":"NORMAL","backgroundColor":"rgba(0,0,0,0)","alpha":1,"borderColor":"rgba(0,0,0,1)","borderWidth":0,"flexProps":{"alignSelf":"AUTO","positionType":"RELATIVE"},"&-small":{"width":100},"&-medium":{"width":250},"&-large":{"width":350}},".label":{"width":250,"height":70,"touchEnabled":true,"visible":true,"multiline":false,"backgroundColor":"rgba(0,0,0,0)","alpha":1,"borderColor":"rgba(0,0,0,1)","borderWidth":0,"textColor":"#000000","textAlignment":"MIDLEFT","font":{"size":16,"bold":true,"italic":false,"family":"SFProText","style":"Semibold"},"flexProps":{"alignSelf":"AUTO","positionType":"RELATIVE"},"&-small":{"width":100},"&-medium":{"width":250},"&-large":{"width":350}},".listView":{"height":200,"width":200,"touchEnabled":true,"multiline":false,"visible":true,"backgroundColor":"#FFFFFF","alpha":1,"borderColor":"rgba(0,0,0,1)","borderWidth":0,"flexProps":{"alignSelf":"AUTO","positionType":"RELATIVE"},"&-small":{"width":100},"&-medium":{"width":250},"&-large":{"width":350}},".listViewItem":{"height":200,"width":200,"touchEnabled":true,"visible":true,"backgroundColor":"#FFFFFF","alpha":1,"borderColor":"rgba(0,0,0,1)","borderWidth":0,"flexProps":{"alignSelf":"AUTO","direction":"INHERIT","alignContent":"STRETCH","alignItems":"STRETCH","justifyContent":"FLEX_START","flexWrap":"NOWRAP","flexDirection":"COLUMN","positionType":"RELATIVE"},"&-small":{"width":100},"&-medium":{"width":250},"&-large":{"width":350}},".page":{"flexProps":{"alignContent":"STRETCH","alignItems":"STRETCH","direction":"INHERIT","flexDirection":"COLUMN","flexWrap":"NOWRAP","justifyContent":"FLEX_START"},"backgroundColor":"#EEEEEE"},".mapView":{"height":200,"width":200,"touchEnabled":true,"type":"NORMAL","visible":true,"backgroundColor":"#FFFFFF","alpha":1,"borderColor":"rgba(0,0,0,1)","borderWidth":0,"centerLocation":{"latitude":40.7828647,"longitude":-73.9675491},"flexProps":{"alignSelf":"AUTO","positionType":"RELATIVE"},"&-small":{"width":100},"&-medium":{"width":250},"&-large":{"width":350}},".scrollView":{"height":200,"width":200,"touchEnabled":true,"visible":true,"backgroundColor":"#FFFFFF","alpha":1,"borderColor":"rgba(0,0,0,1)","borderWidth":0,"scrollBarEnabled":true,"flexProps":{"alignSelf":"AUTO","direction":"INHERIT","alignContent":"STRETCH","alignItems":"STRETCH","justifyContent":"FLEX_START","flexWrap":"NOWRAP","flexDirection":"COLUMN","positionType":"RELATIVE"},"layout":{"flexProps":{"direction":"INHERIT","alignContent":"STRETCH","alignItems":"STRETCH","justifyContent":"FLEX_START","flexWrap":"NOWRAP","flexDirection":"COLUMN"},"visible":true,"backgroundColor":"rgba(1, 1, 1, 0)","alpha":1,"borderColor":"rgba(0,0,0,1)","borderWidth":0},"&-small":{"width":100},"&-medium":{"width":250},"&-large":{"width":350}},".searchView":{"touchEnabled":true,"width":200,"height":70,"visible":true,"alpha":1,"borderColor":"rgba(0,0,0,1)","borderWidth":0,"textAlignment":"MIDLEFT","flexProps":{"alignSelf":"AUTO","positionType":"RELATIVE"},"input":{"height":28},"minHeight":30,"&-small":{"width":100},"&-medium":{"width":250},"&-large":{"width":350}},".shimmerFlexLayout":{"height":200,"width":200,"touchEnabled":true,"visible":true,"backgroundColor":"#FFFFFF","alpha":1,"baseAlpha":1,"pauseDuration":400,"shimmeringDirection":"RIGHT","borderColor":"rgba(0,0,0,1)","borderWidth":0,"flexProps":{"alignSelf":"AUTO","positionType":"RELATIVE"},"layout":{"flexProps":{"direction":"INHERIT","alignContent":"STRETCH","alignItems":"STRETCH","justifyContent":"FLEX_START","flexWrap":"NOWRAP","flexDirection":"COLUMN"}},"ios":{"animationAlpha":0.5,"beginFadeDuration":100,"endFadeDuration":300,"speed":230},"android":{"highlightAlpha":0.5,"highlightLength":1},"&-small":{"width":100},"&-medium":{"width":250},"&-large":{"width":350}},".slider":{"touchEnabled":true,"maxTrackColor":"#00FF00","minTrackColor":"#A9A9A9","thumbColor":"#D3D3D3","value":50,"maxValue":100,"minValue":0,"width":300,"visible":true,"backgroundColor":"#FFFFFF","alpha":1,"borderColor":"rgba(0,0,0,1)","borderWidth":0,"flexProps":{"alignSelf":"AUTO","positionType":"RELATIVE"},"minHeight":23,"&-small":{"width":100},"&-medium":{"width":250},"&-large":{"width":350}},".statusBar":{"android":{"color":"#00A1F1"},"style":"DEFAULT","visible":true},".textArea":{"height":200,"width":200,"touchEnabled":true,"visible":true,"backgroundColor":"#FFFFFF","alpha":1,"borderColor":"rgba(0,0,0,1)","borderWidth":0,"textColor":"rgba(0,0,0,1)","textAlignment":"TOPLEFT","font":{"size":16,"bold":false,"italic":false,"family":"Default"},"flexProps":{"alignSelf":"AUTO","positionType":"RELATIVE"},"&-small":{"width":100},"&-medium":{"width":250},"&-large":{"width":350}},".textBox":{"height":70,"width":200,"touchEnabled":true,"visible":true,"backgroundColor":"#FFFFFF","alpha":1,"borderColor":"rgba(0,0,0,1)","borderWidth":0,"textColor":"rgba(0,0,0,1)","textAlignment":"MIDLEFT","font":{"size":16,"bold":false,"italic":false,"family":"Default"},"flexProps":{"alignSelf":"AUTO","positionType":"RELATIVE"},"&-small":{"width":100},"&-medium":{"width":250},"&-large":{"width":350}},".switch":{"width":200,"touchEnabled":true,"thumbOnColor":"#00e600","thumbOffColor":"#CCCCCC","toggleOffColor":"#010101","toggleOnColor":"#CCCCCC","visible":true,"alpha":1,"borderColor":"rgba(0,0,0,1)","borderWidth":0,"flexProps":{"alignSelf":"AUTO","positionType":"RELATIVE"},"minHeight":31,"minWidth":51,"&-small":{"width":100},"&-medium":{"width":250},"&-large":{"width":350}},".videoView":{"height":200,"width":200,"visible":true,"backgroundColor":"#FFFFFF","alpha":1,"touchEnabled":true,"borderColor":"rgba(0,0,0,1)","borderWidth":0,"flexProps":{"alignSelf":"AUTO","positionType":"RELATIVE"},"&-small":{"width":100},"&-medium":{"width":250},"&-large":{"width":350}},".textView":{"width":250,"height":70,"touchEnabled":true,"visible":true,"multiline":true,"backgroundColor":"#FFFFFF","alpha":1,"borderColor":"rgba(0,0,0,1)","borderWidth":0,"textAlignment":"MIDLEFT","flexProps":{"alignSelf":"AUTO","positionType":"RELATIVE"},"&-small":{"width":100},"&-medium":{"width":250},"&-large":{"width":350}},".webView":{"height":200,"width":200,"touchEnabled":true,"visible":true,"backgroundColor":"#FFFFFF","alpha":1,"borderColor":"rgba(0,0,0,1)","borderWidth":0,"flexProps":{"alignSelf":"AUTO","positionType":"RELATIVE"},"&-small":{"width":100},"&-medium":{"width":250},"&-large":{"width":350}},".pageTitleLayout":{"&_logo":{"tintColor":"#FFFFFF"}},".sliderDrawerComp":{"&_option":{"width":null,"height":66,"backgroundColor":"rgba( 255, 255, 255, 0 )","&_divider":{"maxHeight":2,"borderWidth":1,"borderColor":"rgba( 255, 255, 255, 0.15 )","width":null,"flexProps":{"positionType":"ABSOLUTE"},"left":31,"right":0,"bottom":0,"backgroundColor":"rgba( 255, 255, 255, 0 )"},"&_leftWall":{"width":4,"height":50,"flexProps":{"positionType":"ABSOLUTE"},"top":8,".passive":{"backgroundColor":"rgba( 255, 255, 255, 0 )"}},"&_title":{"width":null,"height":null,"flexProps":{"flexGrow":1},"marginLeft":31,"font":{"size":18},"textColor":"#ffffff",".passive":{"textColor":"rgba( 255, 255, 255, 0.7 )"}}},"backgroundColor":{"startColor":"rgb(0,119, 199)","endColor":"#00a1f1","direction":"VERTICAL"}}}